tcp_win_0,tcp_win_1,tcp_win_2,tcp_win_3,tcp_win_4,tcp_win_5,tcp_win_6,tcp_win_7,tcp_win_8,tcp_win_9,type
502,11,11,11,11,11,11,486,483,501,1
502,11,11,11,11,11,486,11,501,501,1
502,11,11,11,11,11,486,11,501,501,1
502,11,11,11,11,11,486,11,501,501,1
502,11,11,11,11,11,486,11,501,501,1
502,11,11,11,11,11,486,11,501,501,1
502,11,11,11,11,11,486,11,501,501,1
502,11,11,11,11,11,486,11,501,501,1
502,11,11,11,11,11,489,501,11,501,1
502,11,11,11,11,11,486,11,501,501,1
502,11,11,11,11,11,486,11,501,501,1
502,11,11,11,11,11,486,11,501,501,1
502,11,11,11,11,11,496,486,11,501,1
502,11,11,11,11,11,486,11,501,501,1
502,168,168,168,168,168,481,168,501,501,1
502,11,11,11,11,11,496,486,11,501,1
502,11,11,11,11,11,486,11,501,501,1
502,11,11,11,11,11,486,11,501,501,1
502,11,11,11,11,11,486,11,501,501,1
502,11,11,11,11,11,486,11,501,501,1
502,11,11,501,501,501,11,11,501,11,1
502,11,11,501,501,501,11,11,501,11,1
502,11,11,11,11,11,486,11,501,501,1
502,11,11,501,501,501,11,11,501,11,1
502,11,11,11,11,11,486,11,501,501,1
502,11,11,11,11,11,486,11,501,501,1
502,11,11,11,11,11,486,11,501,501,1
502,11,11,11,11,11,486,11,501,501,1
502,11,11,11,11,11,486,11,501,501,1
502,11,11,11,11,11,486,11,501,501,1
502,11,11,11,496,11,11,496,11,501,1
502,11,11,11,11,11,486,11,501,501,1
502,11,11,11,11,11,486,11,501,501,1
502,11,11,11,11,11,486,11,501,501,1
502,11,11,11,11,11,486,11,501,501,1
502,11,11,11,11,11,486,11,501,501,1
502,11,11,11,11,11,486,11,501,501,1
502,11,11,11,11,11,486,11,501,501,1
502,11,11,11,11,11,486,11,501,501,1
502,11,11,11,11,11,496,496,486,11,1
502,11,11,11,11,11,486,11,501,501,1
502,11,11,11,11,11,486,11,501,501,1
502,11,11,11,11,11,489,489,11,501,1
502,11,11,11,11,11,486,11,501,501,1
502,11,11,11,11,11,486,11,501,501,1
502,11,11,11,11,11,486,11,501,501,1
502,11,11,11,11,11,486,11,501,501,1
502,11,11,11,11,11,486,11,501,501,1
502,11,11,11,11,11,486,11,501,501,1
502,11,11,11,11,11,486,11,501,501,1
502,11,11,501,501,501,11,11,501,11,1
502,11,11,11,11,11,486,11,501,501,1
502,11,11,11,11,11,486,11,501,501,1
502,11,11,11,11,11,486,11,501,501,1
502,11,11,501,11,11,11,493,11,501,1
502,11,11,11,11,11,486,11,501,501,1
502,11,11,11,11,11,486,11,501,501,1
502,11,11,11,11,11,486,11,501,501,1
502,11,11,501,11,11,11,493,11,501,1
502,11,11,11,11,11,486,11,501,501,1
502,11,11,11,11,11,486,11,501,501,1
502,11,11,11,11,11,486,11,501,501,1
502,11,11,11,11,11,486,11,501,501,1
502,11,11,501,501,501,11,11,501,11,1
502,168,168,501,501,501,501,168,163,163,1
502,168,168,501,501,501,501,168,165,162,1
502,11,11,11,11,489,11,501,501,501,1
502,11,11,11,11,489,11,501,501,501,1
502,11,11,11,11,489,11,501,501,501,1
502,11,11,11,11,496,488,11,501,501,1
502,11,11,11,11,489,11,501,501,501,1
502,11,11,11,11,501,501,487,11,501,1
502,11,11,11,11,489,11,501,501,501,1
502,11,11,11,11,489,11,501,501,501,1
502,11,11,11,11,11,493,485,11,501,1
502,11,11,11,11,489,11,501,501,501,1
502,11,11,11,11,489,11,501,501,501,1
502,11,11,11,11,489,11,501,501,501,1
502,11,11,11,11,501,496,11,501,501,1
502,11,11,11,11,489,11,501,501,501,1
502,11,11,11,11,501,501,487,11,501,1
502,11,11,11,11,496,488,11,501,501,1
502,11,11,11,11,11,493,485,11,501,1
502,11,11,11,11,502,495,487,11,501,1
502,11,11,11,11,489,11,501,501,501,1
502,11,11,11,11,489,11,501,501,501,1
502,11,11,11,11,489,11,501,501,501,1
502,11,11,11,11,501,501,487,11,501,1
502,11,11,11,11,489,11,501,501,501,1
502,11,11,11,11,489,11,501,501,501,1
502,11,11,11,11,502,495,487,11,501,1
502,11,11,11,11,489,11,501,501,501,1
502,11,11,11,11,11,493,485,11,501,1
502,11,11,11,11,489,11,501,501,501,1
502,11,11,11,11,489,11,501,501,501,1
502,11,11,11,11,11,493,485,11,501,1
502,11,11,11,11,489,11,501,501,501,1
502,11,11,11,11,11,493,485,11,501,1
502,11,11,11,11,501,496,11,501,501,1
502,11,11,11,11,489,11,501,501,501,1
502,11,11,11,11,501,496,11,501,501,1
502,11,11,11,11,501,496,11,501,501,1
502,11,11,11,11,489,11,501,501,501,1
502,11,11,11,11,501,496,11,501,501,1
502,11,11,11,11,489,11,501,501,501,1
502,11,11,11,11,489,11,501,501,501,1
502,11,11,11,11,501,501,487,11,501,1
502,11,11,11,11,489,11,501,501,501,1
502,11,11,11,11,489,11,501,501,501,1
502,11,11,11,11,489,11,501,501,501,1
502,11,11,11,11,501,496,11,501,501,1
502,11,11,11,11,496,488,11,501,501,1
502,11,11,11,11,489,11,501,501,501,1
502,11,11,11,11,11,493,485,11,501,1
502,11,11,11,11,489,11,501,501,501,1
502,11,11,11,11,489,11,501,501,501,1
502,11,11,11,501,11,501,501,11,501,1
502,11,11,11,11,489,11,501,501,501,1
502,11,11,11,11,496,501,11,501,501,1
502,11,11,11,11,501,488,11,501,501,1
502,11,11,11,11,489,11,501,501,501,1
502,11,11,11,11,489,11,501,501,501,1
502,11,11,11,11,489,11,501,501,501,1
502,11,11,11,11,489,11,501,501,501,1
502,11,11,11,11,489,11,501,501,501,1
502,11,11,11,11,496,488,11,501,501,1
502,11,11,11,11,489,11,501,501,501,1
502,11,11,11,11,496,488,11,501,501,1
502,11,11,11,11,493,11,501,11,501,1
502,11,11,11,11,489,11,501,501,501,1
502,11,11,11,11,11,493,501,11,501,1
502,11,11,11,11,489,11,501,501,501,1
502,11,11,11,11,489,11,501,501,501,1
502,11,11,11,11,501,496,11,501,501,1
502,11,11,11,11,11,493,501,11,501,1
502,11,11,11,11,489,11,501,501,501,1
502,11,11,11,11,501,501,487,11,501,1
502,11,11,11,11,489,11,501,501,501,1
502,11,11,11,11,11,493,485,11,501,1
502,11,11,11,11,11,493,485,11,501,1
502,11,11,11,11,11,493,485,11,501,1
502,11,11,11,11,489,11,501,501,501,1
502,11,11,11,11,501,501,487,11,501,1
502,11,11,11,11,489,11,501,501,501,1
502,11,11,11,11,489,11,501,501,501,1
502,11,11,11,11,11,493,495,11,501,1
502,11,11,11,11,489,11,501,501,501,1
502,11,11,11,11,501,488,11,501,501,1
502,11,11,11,11,496,488,11,501,501,1
502,11,11,11,11,11,493,485,11,501,1
502,11,11,11,11,501,496,11,501,501,1
502,11,11,11,11,489,11,501,501,501,1
502,11,11,11,11,496,488,11,501,501,1
502,11,11,501,501,501,11,11,501,11,1
502,11,11,11,11,501,496,11,501,501,1
502,11,11,11,11,489,11,501,501,501,1
502,11,11,11,11,489,11,501,501,501,1
502,11,11,11,11,489,11,501,501,501,1
502,11,11,11,11,496,488,11,501,501,1
502,11,11,11,11,489,11,501,501,501,1
502,11,11,11,11,489,11,501,501,501,1
502,11,11,11,11,489,11,501,501,501,1
502,11,11,11,11,489,11,501,501,501,1
502,11,11,11,11,489,11,501,501,501,1
502,11,11,11,11,489,11,501,501,501,1
502,11,11,11,11,502,495,487,11,501,1
502,11,11,11,11,489,11,501,501,501,1
502,11,11,11,11,11,493,485,11,501,1
502,11,11,11,11,496,488,11,501,501,1
502,11,11,11,11,489,11,501,501,501,1
502,11,11,11,11,11,493,485,11,501,1
502,11,11,11,11,489,11,501,501,501,1
502,11,11,11,11,489,11,501,501,501,1
502,11,11,11,11,489,11,501,501,501,1
502,11,11,11,11,489,11,501,501,501,1
502,11,11,11,11,489,11,501,501,501,1
502,11,11,11,11,489,11,501,501,501,1
502,11,11,11,11,489,11,501,501,501,1
502,11,11,11,501,11,488,11,501,501,1
502,11,11,11,11,489,11,501,501,501,1
502,11,11,11,11,489,11,501,501,501,1
502,11,11,11,11,11,493,485,11,501,1
502,11,11,11,11,489,11,501,501,501,1
502,11,11,11,11,11,493,485,11,501,1
502,11,11,11,11,489,11,501,501,501,1
502,11,11,11,11,11,493,485,11,501,1
502,11,11,11,11,11,493,485,11,501,1
502,284,284,284,284,284,496,482,501,501,1
502,11,11,11,11,489,11,501,501,501,1
502,11,11,11,11,489,11,501,501,501,1
502,11,11,11,11,496,488,11,501,501,1
502,11,11,11,11,489,11,501,501,501,1
502,11,11,11,11,11,489,486,501,501,1
502,11,11,11,11,489,11,501,501,501,1
502,11,11,11,11,489,11,501,501,501,1
502,11,11,11,11,489,11,501,501,501,1
502,11,11,11,11,489,11,501,501,501,1
502,11,11,11,11,489,11,501,501,501,1
502,11,11,11,11,501,488,11,501,501,1
502,11,11,11,11,501,501,487,11,501,1
502,11,11,11,11,489,11,501,501,501,1
502,11,11,11,11,489,11,501,501,501,1
502,11,11,11,11,489,11,501,501,501,1
502,11,11,11,11,489,11,501,501,501,1
502,11,11,11,11,489,11,501,501,501,1
502,11,11,501,501,501,11,11,501,11,1
502,11,11,11,11,489,11,501,501,501,1
502,11,11,11,11,496,488,11,501,501,1
502,11,11,11,11,11,502,485,11,501,1
502,11,11,11,11,11,493,485,11,501,1
502,11,11,11,11,489,11,501,501,501,1
502,11,11,11,11,501,501,487,11,501,1
502,11,11,11,11,489,11,501,501,501,1
502,11,11,11,11,496,488,11,501,501,1
502,11,11,11,11,489,11,501,501,501,1
502,11,11,11,11,11,493,485,11,501,1
502,11,11,11,11,489,11,501,501,501,1
502,11,11,11,11,489,11,501,501,501,1
502,11,11,11,11,501,496,11,501,501,1
502,11,11,501,501,501,11,11,501,11,1
502,11,11,11,11,11,493,501,11,501,1
502,11,11,501,501,501,11,11,501,11,1
502,11,11,11,11,489,11,501,501,501,1
502,11,11,11,11,496,488,11,501,501,1
502,11,11,11,11,11,493,485,11,501,1
502,11,11,11,11,489,11,501,501,501,1
502,11,11,11,11,489,11,501,501,501,1
502,11,11,11,11,489,11,501,501,501,1
502,11,11,11,11,489,11,501,501,501,1
502,11,11,11,11,489,11,501,501,501,1
502,11,11,11,11,489,11,501,501,501,1
502,11,11,11,11,489,11,501,501,501,1
502,11,11,11,11,489,11,501,501,501,1
502,11,11,11,11,489,11,501,501,501,1
502,11,11,11,11,489,11,501,501,501,1
502,11,11,11,11,501,496,11,501,501,1
502,11,11,11,11,489,11,501,501,501,1
502,11,11,501,501,501,11,11,501,11,1
502,11,11,11,11,489,11,501,501,501,1
502,11,11,11,11,489,11,501,501,501,1
502,11,11,11,11,11,493,485,11,482,1
502,11,11,11,11,496,488,11,501,501,1
502,11,11,11,11,496,488,11,501,501,1
502,11,11,11,11,489,11,501,501,501,1
502,11,11,11,11,501,496,11,501,501,1
502,11,11,11,11,489,11,501,501,501,1
502,11,11,11,11,489,11,501,501,501,1
502,11,11,11,11,489,11,501,501,501,1
502,11,11,501,501,501,11,11,501,11,1
502,11,11,11,11,489,11,501,501,501,1
502,11,11,11,11,489,11,501,501,501,1
502,11,11,11,11,496,488,11,501,501,1
502,11,11,11,11,489,11,501,501,501,1
502,11,11,11,11,11,493,485,11,501,1
502,11,11,11,11,489,11,501,501,501,1
502,11,11,11,11,489,11,501,501,501,1
502,11,11,11,11,489,11,501,501,501,1
502,11,11,11,11,501,488,11,501,501,1
502,11,11,11,11,489,11,501,501,501,1
502,11,11,11,11,489,11,501,501,501,1
502,11,11,11,11,489,11,501,501,501,1
502,11,11,11,11,496,488,11,501,501,1
502,11,11,11,11,502,495,487,11,501,1
502,11,11,11,11,489,11,501,501,501,1
502,11,11,11,11,489,11,501,501,501,1
502,11,11,11,11,501,488,11,501,501,1
502,11,11,11,11,496,488,11,501,501,1
502,11,11,11,11,496,488,11,501,501,1
502,11,11,11,11,496,488,11,501,501,1
502,11,11,11,11,489,11,486,501,501,1
502,11,11,11,11,11,493,485,11,501,1
502,11,11,11,11,489,11,501,501,501,1
502,11,11,11,11,489,11,501,501,501,1
502,11,11,11,11,489,11,501,501,501,1
502,11,11,11,11,496,488,11,501,501,1
502,11,11,11,11,489,11,501,501,501,1
502,11,11,11,11,501,501,487,11,501,1
502,11,11,11,11,489,11,501,501,501,1
502,11,11,11,11,489,11,501,501,501,1
502,11,11,11,11,496,488,11,501,501,1
502,11,11,11,11,501,488,11,501,501,1
502,11,11,11,11,11,493,485,11,501,1
502,11,11,11,11,489,11,501,501,501,1
502,11,11,11,11,496,488,11,485,501,1
502,11,11,11,11,489,11,501,501,501,1
502,11,11,11,11,501,496,11,501,501,1
502,11,11,11,11,489,11,501,501,501,1
502,11,11,11,11,489,11,501,501,501,1
502,11,11,11,11,489,11,501,501,501,1
502,11,11,11,11,489,11,501,501,501,1
502,11,11,11,11,489,11,501,501,501,1
502,11,11,11,11,489,11,501,501,501,1
502,11,11,11,11,489,11,501,501,501,1
502,11,11,11,11,489,11,501,501,501,1
502,11,11,11,11,11,493,485,11,501,1
502,11,11,11,11,489,11,501,501,501,1
502,11,11,11,11,11,493,485,11,501,1
502,11,11,11,11,489,11,501,501,501,1
502,11,11,11,11,501,496,11,501,501,1
502,11,11,11,11,489,11,501,501,501,1
502,11,11,11,11,489,11,501,501,501,1
502,11,11,11,11,489,11,501,501,501,1
502,11,11,11,11,11,493,485,11,482,1
502,11,11,11,11,496,488,11,501,501,1
502,11,11,501,501,501,11,11,501,11,1
502,11,11,11,11,502,495,487,11,501,1
502,11,11,11,11,11,493,485,11,501,1
502,11,11,11,11,489,11,501,501,501,1
502,11,11,11,11,489,11,501,501,501,1
502,11,11,11,11,489,11,501,501,501,1
502,11,11,11,11,496,488,11,501,501,1
502,11,11,11,11,489,11,501,501,501,1
502,11,11,11,11,489,11,501,501,501,1
502,11,11,11,11,489,11,501,501,501,1
502,11,11,501,501,501,11,11,501,11,1
502,11,11,11,11,489,11,486,501,501,1
502,11,11,11,11,501,488,11,501,501,1
502,11,11,11,11,489,11,501,501,501,1
502,11,11,11,11,489,11,501,501,501,1
502,11,11,11,11,501,496,11,501,501,1
502,11,11,11,11,489,11,501,501,501,1
502,11,11,11,11,496,488,11,501,501,1
502,11,11,11,11,489,11,501,501,501,1
502,11,11,11,11,489,11,501,501,501,1
502,11,11,11,11,489,11,501,501,501,1
502,11,11,11,11,501,488,11,501,501,1
502,11,11,11,11,489,11,501,501,501,1
502,11,11,11,11,489,11,501,501,501,1
502,11,11,11,11,489,11,501,501,501,1
502,11,11,11,11,496,488,11,501,501,1
502,11,11,11,11,501,501,487,11,501,1
502,11,11,11,11,489,11,501,501,501,1
502,11,11,501,501,501,11,11,501,11,1
502,11,11,11,11,489,11,501,501,501,1
502,11,11,11,11,496,488,11,501,501,1
502,11,11,11,11,501,501,487,11,501,1
502,11,11,11,11,501,501,487,11,501,1
502,11,11,11,11,489,11,501,501,501,1
502,11,11,11,11,501,488,11,501,501,1
502,11,11,11,11,496,488,11,501,501,1
502,11,11,11,11,489,11,501,501,501,1
502,11,11,11,11,489,11,501,501,501,1
502,11,11,11,11,489,11,501,501,501,1
502,11,11,11,11,489,11,501,501,501,1
502,11,11,501,501,501,11,11,501,11,1
502,11,11,11,11,11,493,485,11,501,1
502,11,11,11,11,489,11,501,501,501,1
502,11,11,11,11,489,11,501,501,501,1
502,11,11,11,11,489,11,501,501,501,1
502,11,11,11,11,496,488,11,501,501,1
502,11,11,11,11,502,502,487,11,501,1
502,11,11,11,11,11,493,485,11,501,1
502,11,11,11,11,489,11,501,501,501,1
502,11,11,11,11,489,11,501,501,501,1
502,11,11,11,11,501,496,11,501,501,1
502,11,11,11,11,489,11,501,501,501,1
502,11,11,11,11,502,502,487,11,501,1
502,11,11,11,11,501,488,11,501,501,1
502,11,11,11,11,489,11,501,501,501,1
502,11,11,11,11,489,11,501,501,501,1
502,11,11,11,11,11,493,485,11,501,1
502,11,11,11,11,489,11,501,501,501,1
502,11,11,11,11,489,11,501,501,501,1
502,11,11,11,11,489,11,501,501,501,1
502,11,11,501,501,501,11,11,501,11,1
502,11,11,11,11,493,11,501,11,501,1
502,11,11,11,11,496,488,11,501,501,1
502,11,11,11,11,502,495,487,11,501,1
502,11,11,11,11,11,502,485,11,501,1
502,11,11,11,11,489,11,501,501,501,1
502,11,11,11,11,501,501,487,11,501,1
502,11,11,11,501,11,501,501,11,501,1
502,11,11,11,11,489,11,501,501,501,1
502,11,11,11,11,489,11,501,501,501,1
502,11,11,11,11,502,495,487,11,501,1
502,11,11,11,11,489,11,501,501,501,1
502,11,11,11,11,489,11,501,501,501,1
502,11,11,11,11,489,11,501,501,501,1
502,11,11,11,11,489,11,501,501,501,1
502,11,11,11,11,489,11,501,501,501,1
502,11,11,11,501,11,488,11,501,501,1
502,11,11,11,11,501,501,487,11,501,1
502,11,11,11,11,501,488,11,501,501,1
502,11,11,11,11,489,11,501,501,501,1
502,11,11,11,11,502,495,487,11,501,1
502,11,11,11,11,501,496,11,501,501,1
502,11,11,11,11,496,501,11,501,501,1
502,11,11,11,11,502,495,487,11,501,1
502,11,11,11,11,489,11,501,501,501,1
502,11,11,11,11,489,11,501,501,501,1
502,11,11,501,11,11,488,11,501,501,1
502,11,11,11,11,489,11,501,501,501,1
502,11,11,11,11,489,11,501,501,501,1
502,11,11,11,11,11,493,485,11,501,1
502,11,11,11,11,489,11,501,501,501,1
502,11,11,11,11,501,501,487,11,501,1
502,11,11,11,11,489,11,501,501,501,1
502,11,11,11,11,489,11,501,501,501,1
502,11,11,11,11,501,488,11,501,501,1
502,11,11,11,11,11,493,485,11,482,1
502,11,11,11,11,489,11,501,501,501,1
502,11,11,501,501,501,11,11,501,11,1
502,11,11,501,501,501,11,11,501,11,1
502,11,11,11,11,496,488,11,501,501,1
502,11,11,11,11,496,501,11,501,501,1
502,11,11,11,11,496,488,11,501,501,1
502,11,11,11,11,11,493,485,11,501,1
502,11,11,11,11,496,488,11,501,501,1
502,11,11,501,501,501,11,11,501,11,1
502,11,11,11,11,489,11,501,501,501,1
502,11,11,501,501,501,11,11,501,11,1
502,11,11,11,11,11,493,485,11,501,1
502,11,11,11,11,489,11,501,501,501,1
502,11,11,501,501,501,11,11,501,11,1
502,11,11,501,501,501,11,501,11,11,1
502,11,11,11,11,489,11,501,501,501,1
502,11,11,11,11,489,11,501,501,501,1
502,11,11,11,11,489,11,501,501,501,1
502,11,11,11,11,11,493,485,11,501,1
502,11,11,11,11,489,11,501,501,501,1
502,11,11,11,11,489,11,501,501,501,1
502,11,11,11,11,11,493,485,11,501,1
502,11,11,11,11,489,11,501,501,501,1
502,11,11,11,11,11,493,485,11,501,1
502,11,11,11,11,489,11,501,501,501,1
502,11,11,11,11,11,493,485,11,501,1
502,11,11,11,11,501,488,11,501,501,1
502,11,11,11,11,11,493,485,11,501,1
502,11,11,11,11,489,11,501,501,501,1
502,11,11,11,11,11,493,485,11,501,1
502,11,11,11,11,489,11,501,501,501,1
502,11,11,11,11,489,11,501,501,501,1
502,11,11,11,11,11,493,485,11,501,1
502,11,11,11,11,11,493,485,11,501,1
502,11,11,11,11,489,11,501,501,501,1
502,11,11,501,501,501,11,11,501,11,1
502,11,11,501,501,501,11,11,501,11,1
502,11,11,11,11,11,493,485,11,501,1
502,11,11,501,501,501,11,11,501,11,1
502,11,11,11,11,11,493,485,11,501,1
502,11,11,11,11,501,501,487,11,501,1
502,11,11,11,11,501,501,487,11,501,1
502,11,11,11,11,11,493,485,11,501,1
502,11,11,11,11,489,11,501,501,501,1
502,11,11,11,11,501,488,11,501,501,1
502,11,11,501,11,11,496,11,501,501,1
502,11,11,11,11,489,11,501,501,501,1
502,11,11,11,11,489,11,501,501,501,1
502,11,11,11,11,11,493,485,11,501,1
502,11,11,11,11,489,11,501,501,501,1
502,11,11,11,11,501,496,11,501,501,1
502,11,11,11,11,489,11,501,501,501,1
502,11,11,501,501,501,11,11,501,11,1
502,11,11,11,11,11,493,485,11,501,1
502,11,11,11,11,489,11,501,501,501,1
502,11,11,11,11,11,493,485,11,501,1
502,11,11,11,11,489,11,501,501,501,1
502,11,11,11,11,502,495,487,11,501,1
502,11,11,501,501,501,11,11,11,501,1
502,11,11,11,11,489,11,501,501,501,1
502,11,11,501,501,501,11,11,501,11,1
502,11,11,11,11,496,488,11,501,501,1
502,11,11,501,501,501,11,11,501,11,1
502,11,11,11,11,489,11,501,501,501,1
502,11,11,11,11,489,11,501,501,501,1
502,11,11,11,11,489,11,501,501,501,1
502,11,11,11,11,489,11,501,501,501,1
502,11,11,11,11,489,11,501,501,501,1
502,11,11,501,501,501,11,11,501,11,1
502,11,11,11,11,11,493,485,11,501,1
502,11,11,11,11,11,493,485,11,501,1
502,11,11,11,11,489,11,501,501,501,1
502,11,11,11,11,489,11,501,501,501,1
502,11,11,11,11,501,496,11,501,501,1
502,11,11,11,11,489,11,501,501,501,1
502,11,11,11,11,489,11,501,501,501,1
502,11,11,501,501,501,11,11,501,11,1
502,11,11,11,11,501,488,11,501,501,1
502,11,11,501,501,501,11,11,501,11,1
502,11,11,11,501,495,11,487,11,484,1
502,11,11,11,11,489,11,501,501,501,1
502,11,11,11,11,489,11,501,501,501,1
502,11,11,11,11,496,488,11,501,501,1
502,11,11,11,11,496,488,11,501,501,1
502,11,11,11,11,489,11,501,501,501,1
502,11,11,11,11,489,11,501,501,501,1
502,11,11,11,11,489,11,501,501,501,1
502,11,11,11,11,501,501,487,11,501,1
502,11,11,11,11,502,495,487,11,501,1
502,11,11,501,501,501,11,11,501,11,1
502,11,11,11,11,489,11,501,501,501,1
502,11,11,11,11,489,11,501,501,501,1
502,11,11,501,11,11,496,11,501,501,1
502,11,11,11,11,11,493,485,11,501,1
502,11,11,501,501,501,11,11,501,11,1
502,11,11,501,501,501,11,11,501,11,1
502,11,11,501,501,501,11,11,501,11,1
502,11,11,11,11,489,11,501,501,501,1
502,11,11,11,11,11,493,485,11,501,1
502,11,11,11,11,489,11,501,501,501,1
502,11,11,11,11,489,11,501,501,501,1
502,11,11,11,11,489,11,501,501,501,1
502,11,11,11,11,489,11,501,501,501,1
502,11,11,11,11,489,11,501,501,501,1
502,11,11,501,501,501,11,11,501,11,1
502,11,11,11,11,489,11,501,501,501,1
502,11,11,11,11,489,11,501,501,501,1
502,11,11,501,501,501,11,11,501,11,1
502,11,11,11,11,489,11,501,501,501,1
502,11,11,11,501,11,501,501,11,501,1
502,11,11,11,11,489,11,501,501,501,1
502,11,11,11,11,501,501,487,11,501,1
502,11,11,11,11,11,493,485,11,501,1
502,11,11,11,11,501,496,11,501,501,1
502,11,11,11,11,489,11,501,501,501,1
502,11,11,11,11,501,488,11,501,501,1
502,11,11,11,11,502,495,487,11,501,1
502,11,11,501,501,501,11,11,501,11,1
502,11,11,11,11,501,496,11,501,501,1
502,11,11,501,501,501,11,11,501,11,1
502,11,11,11,11,489,11,501,501,501,1
502,11,11,11,11,11,493,485,11,501,1
502,11,11,11,11,502,495,487,11,501,1
502,11,11,501,501,501,11,11,501,11,1
502,11,11,501,501,501,11,11,11,501,1
502,11,11,11,11,489,11,501,501,501,1
502,11,11,501,501,501,11,11,501,11,1
502,11,11,11,11,501,496,11,501,501,1
502,11,11,11,11,11,493,485,11,501,1
502,11,11,11,11,496,488,11,501,501,1
502,11,11,11,11,489,11,486,501,501,1
502,11,11,501,501,501,11,11,501,11,1
502,11,11,11,11,496,501,11,501,501,1
502,11,11,11,11,501,496,11,501,501,1
502,11,11,501,501,501,11,11,501,11,1
502,11,11,11,11,489,11,501,501,501,1
502,11,11,501,501,501,11,11,501,11,1
502,11,11,11,11,489,11,501,501,501,1
502,11,11,501,501,501,11,11,501,11,1
502,11,11,11,11,489,11,501,501,501,1
502,11,11,11,11,489,11,501,501,501,1
502,11,11,11,11,489,11,501,501,501,1
502,11,11,501,501,501,11,11,501,11,1
502,11,11,11,11,11,493,485,11,501,1
502,11,11,501,501,501,11,11,501,11,1
502,11,11,11,11,489,11,501,501,501,1
502,11,11,11,11,489,11,501,501,501,1
502,11,11,11,11,489,11,501,501,501,1
502,11,11,11,11,489,11,501,501,501,1
502,11,11,501,501,501,11,11,501,11,1
502,11,11,501,501,501,11,11,501,11,1
502,11,11,501,501,501,11,11,501,11,1
502,11,11,11,11,489,11,501,501,501,1
502,11,11,11,11,496,488,11,501,501,1
502,11,11,11,11,11,493,485,11,501,1
502,11,11,11,11,501,501,487,11,501,1
502,11,11,11,11,496,488,11,501,501,1
502,11,11,11,11,11,493,485,11,501,1
502,11,11,11,11,496,488,11,501,501,1
502,11,11,11,11,489,11,501,501,501,1
502,11,11,11,11,489,11,501,501,501,1
502,11,11,11,11,11,493,485,11,501,1
502,11,11,501,501,501,11,11,501,11,1
502,11,11,11,11,489,11,501,501,501,1
502,11,11,11,11,501,501,487,11,501,1
502,11,11,11,11,496,488,11,501,501,1
502,11,11,11,11,11,493,485,11,501,1
502,11,11,11,11,502,495,487,11,501,1
502,11,11,501,501,501,11,11,501,11,1
502,11,11,11,11,489,11,501,501,501,1
502,11,11,11,11,501,488,11,501,501,1
502,11,11,11,11,489,11,486,501,501,1
502,11,11,11,11,489,11,501,501,501,1
502,11,11,11,11,496,501,11,501,501,1
502,11,11,11,11,489,11,501,501,501,1
502,11,11,11,11,11,493,495,11,501,1
502,11,11,11,11,501,488,11,501,501,1
502,11,11,11,11,489,11,501,501,501,1
502,11,11,11,11,11,493,485,11,501,1
502,11,11,11,11,502,495,487,11,484,1
502,11,11,501,501,501,11,11,501,11,1
502,11,11,11,11,489,11,501,501,501,1
502,11,11,501,501,501,11,501,11,11,1
502,11,11,501,501,501,11,11,501,11,1
502,11,11,11,11,496,488,11,501,501,1
502,11,11,11,11,496,488,11,501,501,1
502,11,11,11,11,489,11,501,501,501,1
502,11,11,11,501,11,496,11,501,501,1
502,11,11,11,11,489,11,501,501,501,1
502,11,11,501,501,501,11,11,501,11,1
502,11,11,11,11,502,495,487,11,501,1
502,11,11,11,11,489,11,501,501,501,1
502,11,11,501,501,501,11,11,501,11,1
502,11,11,11,11,496,488,11,501,501,1
502,11,11,501,501,501,11,11,501,11,1
502,11,11,501,501,501,11,11,501,11,1
502,11,11,11,11,11,493,485,11,501,1
502,11,11,11,11,501,488,11,501,501,1
502,11,11,11,11,496,488,11,501,501,1
502,11,11,11,11,489,11,501,501,501,1
502,11,11,11,11,502,495,487,11,501,1
502,11,11,11,11,11,493,485,11,501,1
502,11,11,11,11,496,488,11,501,501,1
502,11,11,11,11,489,11,501,501,501,1
502,11,11,501,501,501,11,11,501,11,1
502,11,11,11,11,489,11,501,501,501,1
502,11,11,501,501,501,11,11,501,11,1
502,11,11,11,11,489,11,501,501,501,1
502,11,11,11,11,489,11,486,501,501,1
502,11,11,11,11,489,11,486,501,501,1
502,11,11,11,11,501,501,487,11,501,1
502,11,11,11,11,489,11,501,501,501,1
502,11,11,501,501,501,11,11,501,11,1
502,11,11,501,501,501,11,11,501,11,1
502,11,11,11,11,501,488,11,501,501,1
502,11,11,11,11,496,488,11,501,501,1
502,11,11,11,11,489,11,501,501,501,1
502,11,11,501,501,501,11,11,501,11,1
502,11,11,11,11,489,11,501,501,501,1
502,11,11,11,11,501,501,495,11,501,1
502,11,11,501,501,501,11,11,501,11,1
502,11,11,11,11,11,493,485,11,501,1
502,11,11,501,501,501,11,11,501,11,1
502,11,11,11,11,489,11,501,501,501,1
502,11,11,11,11,489,11,501,501,501,1
502,11,11,501,501,501,11,11,501,11,1
502,168,168,501,501,168,501,501,501,163,1
502,11,11,11,11,489,11,501,501,501,1
502,11,11,11,11,489,11,501,501,501,1
502,11,11,501,501,501,11,11,501,11,1
502,11,11,501,501,501,11,11,501,11,1
502,11,11,501,501,501,11,11,501,11,1
502,11,11,11,11,11,493,485,11,501,1
502,11,11,11,11,489,11,501,501,501,1
502,11,11,11,11,489,11,486,501,501,1
502,11,11,11,11,496,488,11,501,501,1
502,11,11,11,11,11,493,485,11,501,1
502,11,11,11,501,11,495,487,11,501,1
502,11,11,11,11,489,11,501,501,501,1
502,11,11,11,11,489,11,501,501,501,1
502,11,11,501,501,501,11,11,501,11,1
502,11,11,501,501,501,11,11,501,11,1
502,11,11,11,11,489,11,501,501,501,1
502,11,11,501,501,501,11,11,501,11,1
502,11,11,501,501,501,11,11,501,11,1
502,11,11,501,501,501,11,11,501,11,1
502,11,11,11,11,489,11,501,501,501,1
502,11,11,11,11,496,488,11,501,501,1
502,11,11,11,11,11,493,485,11,482,1
502,11,11,501,501,501,11,11,501,11,1
502,11,11,11,11,489,11,501,501,501,1
502,11,11,11,11,11,493,485,11,501,1
502,11,11,501,501,501,11,11,501,11,1
502,11,11,11,11,489,11,501,501,501,1
502,11,11,501,501,501,11,11,501,11,1
502,11,11,11,11,11,493,501,11,501,1
502,11,11,11,11,489,11,501,501,501,1
502,11,11,11,11,489,11,501,501,501,1
502,11,11,11,11,489,11,501,501,501,1
502,11,11,11,11,11,493,485,11,482,1
502,11,11,11,11,489,11,501,501,501,1
502,11,11,11,11,501,488,11,501,501,1
502,11,11,11,11,489,11,501,501,501,1
502,11,11,501,501,501,11,11,501,11,1
502,11,11,501,501,501,11,11,11,501,1
502,11,11,11,11,489,11,501,501,501,1
502,11,11,11,11,501,488,11,501,501,1
502,11,11,501,501,501,11,11,501,11,1
502,11,11,11,11,489,11,501,501,501,1
502,11,11,11,11,489,11,501,501,501,1
502,11,11,11,11,496,488,11,501,501,1
502,11,11,11,11,489,11,486,501,501,1
502,11,11,11,11,502,495,487,11,484,1
502,11,11,11,11,489,11,501,501,501,1
502,11,11,501,501,501,11,11,501,11,1
502,11,11,11,11,489,11,501,501,501,1
502,11,11,501,501,501,11,11,501,11,1
502,11,11,11,501,11,488,11,501,501,1
502,11,11,11,11,501,488,11,501,501,1
502,11,11,11,11,501,496,11,501,501,1
502,11,11,11,11,496,488,11,485,501,1
502,11,11,11,11,501,496,11,501,501,1
502,11,11,501,501,501,11,11,501,11,1
502,11,11,11,11,489,11,501,501,501,1
502,11,11,501,501,501,11,11,501,11,1
502,11,11,11,11,11,493,485,11,501,1
502,11,11,501,501,501,11,11,501,11,1
502,11,11,11,11,489,11,501,501,501,1
502,11,11,11,11,496,488,11,501,501,1
502,11,11,501,501,501,11,11,501,11,1
502,11,11,11,11,489,11,501,501,501,1
502,11,11,501,501,501,11,11,501,11,1
502,11,11,11,11,489,11,501,501,501,1
502,11,11,501,501,501,11,11,501,11,1
502,11,11,501,501,501,11,11,501,11,1
502,11,11,11,11,501,501,487,11,501,1
502,11,11,501,501,501,11,11,501,11,1
502,11,11,11,11,489,11,486,501,501,1
502,11,11,501,501,501,11,11,501,11,1
502,11,11,501,501,501,11,11,501,11,1
502,11,11,11,11,489,11,501,501,501,1
502,11,11,501,501,501,11,11,501,11,1
502,11,11,11,11,489,11,501,501,501,1
502,11,11,11,11,489,11,501,501,501,1
502,11,11,501,501,501,11,11,501,11,1
502,11,11,11,11,489,11,501,501,501,1
502,11,11,501,501,501,11,11,501,11,1
502,11,11,501,501,501,11,11,501,11,1
502,11,11,11,11,489,11,501,501,501,1
502,11,11,11,11,489,11,501,501,501,1
502,11,11,11,11,489,11,501,501,501,1
502,11,11,11,11,489,11,501,501,501,1
502,11,11,11,11,489,11,501,501,501,1
502,11,11,11,11,489,11,501,501,501,1
502,11,11,501,11,11,488,11,501,501,1
502,11,11,11,11,489,11,501,501,501,1
502,11,11,11,11,489,11,501,501,501,1
502,11,11,11,11,11,493,485,11,482,1
502,11,11,501,501,501,11,11,501,11,1
502,11,11,501,501,501,11,11,501,11,1
502,11,11,11,11,489,11,501,501,501,1
502,11,11,11,11,11,493,485,11,501,1
502,11,11,11,11,489,11,486,501,501,1
502,11,11,501,501,501,11,11,501,11,1
502,11,11,11,11,489,11,501,501,501,1
502,11,11,11,11,489,11,501,501,501,1
502,11,11,11,11,501,496,11,501,501,1
502,11,11,501,501,501,11,11,501,11,1
502,11,11,11,11,489,11,501,501,501,1
502,11,11,11,11,489,11,501,501,501,1
502,11,11,11,11,489,11,501,501,501,1
502,11,11,11,11,11,493,485,11,501,1
502,11,11,11,11,501,488,11,501,501,1
502,11,11,11,11,501,496,11,501,501,1
502,11,11,11,11,489,11,501,501,501,1
502,11,11,11,11,489,11,501,501,501,1
502,11,11,11,11,489,11,501,501,501,1
502,11,11,501,501,501,11,11,501,11,1
502,11,11,11,11,11,493,485,11,501,1
502,11,11,11,11,11,493,485,11,501,1
502,11,11,11,11,501,488,11,501,501,1
502,11,11,11,11,502,495,487,11,501,1
502,11,11,11,11,501,496,11,501,501,1
502,11,11,501,501,501,11,11,501,11,1
502,11,11,11,11,489,11,501,501,501,1
502,11,11,501,501,501,11,11,501,11,1
502,11,11,11,11,489,11,501,501,501,1
502,11,11,11,11,489,11,501,501,501,1
502,11,11,11,11,496,488,11,501,501,1
502,11,11,11,11,496,488,11,485,501,1
502,11,11,501,501,501,11,11,501,11,1
502,11,11,11,11,489,11,501,501,501,1
502,11,11,501,501,501,11,11,501,11,1
502,11,11,11,11,489,11,501,501,501,1
502,11,11,11,11,489,11,501,501,501,1
502,11,11,501,501,501,11,11,11,501,1
502,11,11,11,11,11,493,485,11,501,1
502,11,11,11,11,489,11,501,501,501,1
502,11,11,501,501,501,11,11,501,11,1
502,11,11,11,11,11,493,485,11,501,1
502,11,11,501,501,501,11,11,501,11,1
502,11,11,501,501,501,11,11,501,11,1
502,11,11,501,501,501,11,11,501,11,1
502,11,11,11,11,502,495,487,11,501,1
502,11,11,501,501,501,11,11,501,11,1
502,11,11,11,11,489,11,501,501,501,1
502,11,11,501,501,501,11,11,501,11,1
502,11,11,11,11,489,11,501,501,501,1
502,11,11,11,11,489,11,501,501,501,1
502,11,11,501,501,501,11,11,501,11,1
502,11,11,501,501,501,11,11,501,11,1
502,11,11,501,501,501,11,11,501,11,1
502,11,11,11,11,11,493,485,11,501,1
502,11,11,11,11,489,11,501,501,501,1
502,11,11,11,11,11,493,485,11,501,1
502,11,11,501,501,501,11,11,501,11,1
502,11,11,501,501,501,11,11,501,11,1
502,11,11,11,11,11,493,485,11,501,1
502,11,11,11,11,489,11,501,501,501,1
502,11,11,501,501,501,11,11,501,11,1
502,11,11,11,11,489,11,501,501,501,1
502,11,11,501,501,501,11,11,501,11,1
502,11,11,501,501,501,11,11,501,11,1
502,11,11,11,11,496,488,11,501,501,1
502,11,11,501,501,501,11,11,501,11,1
502,11,11,501,501,501,11,11,501,11,1
502,11,11,11,11,501,488,11,501,501,1
502,11,11,501,501,501,11,11,501,11,1
502,11,11,11,11,489,11,501,501,501,1
502,11,11,11,11,489,11,501,501,501,1
502,11,11,11,11,489,11,501,501,501,1
502,11,11,11,11,489,11,501,501,501,1
502,11,11,501,501,501,11,11,501,11,1
502,11,11,501,501,501,11,11,501,11,1
502,11,11,11,11,489,11,486,501,501,1
502,11,11,11,11,11,493,485,11,501,1
502,11,11,11,11,11,493,485,11,501,1
502,11,11,11,11,489,11,501,501,501,1
502,11,11,11,11,489,11,486,501,501,1
502,11,11,11,11,489,11,501,501,501,1
502,11,11,501,501,501,11,11,501,11,1
502,11,11,11,11,11,493,485,11,501,1
502,168,168,501,501,168,501,501,501,159,1
502,11,11,11,11,489,11,501,501,501,1
502,11,11,11,11,11,493,485,11,501,1
502,11,11,11,11,501,496,11,501,501,1
502,11,11,501,501,501,11,11,11,501,1
502,11,11,11,11,489,11,501,501,501,1
502,11,11,11,11,489,11,501,501,501,1
502,11,11,11,11,11,493,485,11,501,1
502,11,11,11,11,489,11,501,501,501,1
502,11,11,11,11,489,11,501,501,501,1
502,11,11,11,11,489,11,501,501,501,1
502,11,11,11,11,489,11,501,501,501,1
502,11,11,501,501,501,11,11,501,11,1
502,11,11,501,501,501,11,11,11,501,1
502,11,11,501,501,501,11,11,501,11,1
502,11,11,501,501,501,11,11,11,501,1
502,11,11,501,501,501,11,11,501,11,1
502,11,11,501,501,501,11,11,501,11,1
502,11,11,11,11,496,488,11,501,501,1
502,11,11,11,11,489,11,501,501,501,1
502,11,11,11,11,489,11,501,501,501,1
502,11,11,11,11,11,493,485,11,501,1
502,11,11,11,11,489,11,501,501,501,1
502,11,11,11,11,11,493,485,11,501,1
502,11,11,501,501,501,11,11,501,11,1
502,11,11,501,501,501,11,11,501,11,1
502,11,11,501,501,501,11,11,501,11,1
502,11,11,501,501,501,11,11,501,11,1
502,11,11,501,501,501,11,11,501,11,1
502,11,11,11,11,11,493,485,11,482,1
502,11,11,11,11,489,11,501,501,501,1
502,11,11,11,11,489,11,501,501,501,1
502,11,11,11,11,11,493,485,11,501,1
502,11,11,501,501,501,11,11,501,11,1
502,11,11,11,11,11,493,485,11,501,1
502,11,11,11,11,489,11,501,501,501,1
502,11,11,501,501,501,11,11,501,11,1
502,11,11,11,11,501,488,11,501,501,1
502,11,11,501,501,501,11,11,501,11,1
502,11,11,11,11,489,11,501,501,501,1
502,11,11,501,501,501,11,11,501,11,1
502,11,11,11,11,11,493,485,11,501,1
502,11,11,501,501,501,11,11,501,11,1
502,11,11,11,11,489,11,501,501,501,1
502,11,11,501,501,501,11,11,501,11,1
502,11,11,11,11,489,11,501,501,501,1
502,11,11,11,11,502,495,487,11,501,1
502,11,11,11,11,501,480,11,501,501,1
502,11,11,501,501,501,11,11,501,11,1
502,11,11,11,11,489,11,501,501,501,1
502,11,11,501,501,501,11,11,501,11,1
502,11,11,11,11,489,11,501,501,501,1
502,11,11,11,11,489,11,501,501,501,1
502,11,11,11,11,11,493,485,11,501,1
502,11,11,11,11,501,496,11,501,501,1
502,11,11,501,501,501,11,11,501,11,1
502,11,11,11,11,501,501,487,11,484,1
502,11,11,501,501,501,11,11,501,11,1
502,11,11,501,501,501,11,11,501,11,1
502,11,11,11,11,489,11,501,501,501,1
502,11,11,11,11,489,11,501,501,501,1
502,11,11,501,501,501,11,11,501,11,1
502,11,11,11,11,489,11,501,501,501,1
502,11,11,11,11,496,488,11,501,501,1
502,11,11,11,11,501,496,11,501,501,1
502,11,11,501,501,501,11,11,501,11,1
502,11,11,11,11,11,493,485,11,501,1
502,11,11,11,11,489,11,486,501,501,1
502,11,11,501,501,501,11,11,501,11,1
502,11,11,501,501,501,11,11,501,11,1
502,11,11,11,11,489,11,501,501,501,1
502,11,11,11,11,501,488,11,501,501,1
502,11,11,501,501,501,11,11,501,11,1
502,11,11,501,501,501,11,11,501,11,1
502,11,11,501,501,501,11,11,501,11,1
502,11,11,11,11,496,488,11,501,501,1
502,11,11,501,501,501,11,11,501,11,1
502,11,11,11,11,489,11,501,501,501,1
502,11,11,11,11,489,11,501,501,501,1
502,11,11,11,11,489,11,501,501,501,1
502,11,11,11,11,489,11,501,501,501,1
502,11,11,501,501,501,11,11,501,11,1
502,11,11,501,501,501,11,11,501,11,1
502,11,11,11,11,11,493,485,11,501,1
502,11,11,11,11,489,11,501,501,501,1
502,11,11,11,11,489,11,501,501,501,1
502,11,11,11,11,489,11,501,501,501,1
502,11,11,11,11,11,493,485,11,501,1
502,11,11,11,11,489,11,501,501,501,1
502,11,11,501,501,501,11,11,501,11,1
502,11,11,501,501,501,11,11,501,11,1
502,11,11,11,11,489,11,501,501,501,1
502,11,11,501,501,501,11,11,501,11,1
502,11,11,11,11,489,11,501,501,501,1
502,11,11,11,11,501,501,487,11,501,1
502,11,11,11,11,496,488,11,501,501,1
502,11,11,11,11,489,11,501,501,501,1
502,11,11,11,11,501,496,11,501,501,1
502,11,11,501,501,501,11,11,501,11,1
502,11,11,11,11,489,11,501,501,501,1
502,11,11,11,11,489,11,486,501,501,1
502,11,11,501,501,501,11,11,501,11,1
502,11,11,501,501,501,11,11,501,11,1
502,11,11,11,11,501,488,11,501,501,1
502,11,11,11,11,496,488,11,501,501,1
502,11,11,501,501,501,11,11,501,11,1
502,11,11,501,501,501,11,11,501,11,1
502,11,11,11,11,489,11,501,501,501,1
502,11,11,11,11,11,493,485,11,501,1
502,11,11,501,501,501,11,11,501,11,1
502,11,11,501,501,501,11,11,501,11,1
502,11,11,501,501,501,11,11,501,11,1
502,11,11,11,11,501,488,11,501,501,1
502,11,11,11,11,489,11,501,501,501,1
502,11,11,501,501,501,11,11,501,11,1
502,11,11,11,11,11,493,485,11,501,1
502,11,11,11,11,489,11,501,501,501,1
502,11,11,501,501,501,11,11,501,11,1
502,11,11,11,11,489,11,501,501,501,1
502,11,11,501,501,501,11,11,501,11,1
502,11,11,11,11,501,488,11,501,501,1
502,11,11,501,501,501,11,11,501,11,1
502,11,11,11,11,489,11,501,501,501,1
502,11,11,11,11,496,488,11,501,501,1
502,11,11,11,11,11,493,485,11,501,1
502,11,11,501,501,501,11,11,501,11,1
502,11,11,11,11,489,11,501,501,501,1
502,11,11,11,11,496,488,11,501,501,1
502,11,11,501,501,501,11,11,501,11,1
502,11,11,11,11,496,488,11,501,501,1
502,11,11,501,501,501,11,11,501,11,1
502,11,11,501,501,501,11,11,501,11,1
502,11,11,11,11,489,11,501,501,501,1
502,11,11,11,11,496,488,11,501,501,1
502,11,11,11,11,489,11,501,501,501,1
502,11,11,501,501,501,11,11,501,11,1
502,11,11,11,11,11,493,485,11,501,1
502,11,11,501,501,501,11,11,501,11,1
502,11,11,11,11,489,11,501,501,501,1
502,11,11,501,501,501,11,11,11,501,1
502,11,11,11,11,489,11,501,501,501,1
502,11,11,11,11,11,502,495,487,501,1
502,11,11,11,11,489,11,501,501,501,1
502,11,11,501,501,501,11,11,501,11,1
502,11,11,501,501,501,11,11,501,11,1
502,11,11,501,501,501,11,11,501,11,1
502,11,11,11,11,11,493,495,11,501,1
502,11,11,11,11,489,11,501,501,501,1
502,11,11,501,501,501,11,11,501,11,1
502,11,11,11,11,11,493,485,11,501,1
502,11,11,501,501,501,11,11,501,11,1
502,11,11,11,11,489,11,501,501,501,1
502,11,11,501,501,501,11,11,501,11,1
502,11,11,11,11,11,489,486,501,501,1
502,11,11,501,501,501,11,11,501,11,1
502,11,11,501,501,501,11,11,501,11,1
502,11,11,501,501,501,11,11,501,11,1
502,11,11,11,11,489,11,501,501,501,1
502,11,11,501,501,501,11,11,501,11,1
502,11,11,11,11,11,493,485,11,501,1
502,11,11,11,11,11,493,485,11,501,1
502,11,11,501,501,501,11,11,501,11,1
502,11,11,11,11,11,493,485,11,501,1
502,11,11,501,501,501,11,11,501,11,1
502,11,11,11,11,489,11,501,501,501,1
502,11,11,501,501,501,11,11,501,11,1
502,11,11,501,501,501,11,11,11,501,1
502,11,11,11,11,501,488,11,501,501,1
502,11,11,11,11,501,501,487,11,501,1
502,11,11,11,11,501,488,11,501,501,1
502,11,11,501,501,501,11,11,501,11,1
502,11,11,11,11,489,11,501,501,501,1
502,11,11,501,501,501,11,11,501,11,1
502,11,11,11,11,11,493,485,11,501,1
502,11,11,11,11,489,11,501,501,501,1
502,11,11,11,11,489,11,501,501,501,1
502,11,11,11,11,489,11,501,501,501,1
502,11,11,501,501,501,11,11,501,11,1
502,11,11,501,501,501,11,11,501,11,1
502,11,11,11,11,501,501,487,11,501,1
502,11,11,501,501,501,11,11,501,11,1
502,11,11,11,11,489,11,501,501,501,1
502,11,11,11,11,496,488,11,501,501,1
502,11,11,501,501,501,11,11,501,11,1
502,11,11,501,501,501,11,11,501,11,1
502,11,11,11,11,489,11,501,501,501,1
502,11,11,501,501,501,11,11,501,11,1
502,11,11,501,501,501,11,11,501,11,1
502,11,11,501,501,501,11,11,11,501,1
502,11,11,11,11,501,501,487,11,501,1
502,11,11,501,501,501,11,11,11,501,1
502,11,11,501,501,501,11,11,501,11,1
502,11,11,501,501,501,11,11,501,11,1
502,11,11,11,11,11,493,485,11,501,1
502,11,11,501,501,501,11,11,501,11,1
502,11,11,501,501,501,11,11,501,11,1
502,11,11,11,11,11,493,485,11,482,1
502,11,11,501,501,501,11,11,501,11,1
502,11,11,11,11,496,501,11,501,501,1
502,11,11,11,11,11,11,493,485,482,1
502,11,11,501,501,501,11,11,501,11,1
502,11,11,501,501,501,11,11,11,501,1
502,11,11,11,11,11,496,496,486,11,1
502,11,11,501,501,501,11,11,501,11,1
502,11,11,11,11,501,488,11,485,501,1
502,11,11,501,501,501,11,11,501,11,1
502,11,11,11,11,489,11,501,501,501,1
502,11,11,501,501,501,11,11,501,11,1
502,11,11,11,11,501,488,11,501,501,1
502,11,11,501,501,501,11,11,501,11,1
502,11,11,501,501,501,11,11,501,11,1
502,11,11,501,501,501,11,11,501,11,1
502,11,11,11,11,489,11,501,501,501,1
502,11,11,11,496,11,488,11,501,501,1
502,11,11,11,11,489,11,501,501,501,1
502,11,11,11,11,489,11,501,501,501,1
502,11,11,11,11,489,11,501,501,501,1
502,11,11,501,501,501,11,11,501,11,1
502,11,11,501,501,501,11,11,501,11,1
502,11,11,501,501,501,11,11,501,11,1
502,11,11,501,501,501,11,11,501,11,1
502,11,11,501,501,501,11,11,501,11,1
502,11,11,501,501,501,11,11,501,11,1
502,11,11,501,501,501,11,11,501,11,1
502,11,11,11,11,489,11,501,501,501,1
502,11,11,501,501,501,11,11,501,11,1
502,11,11,501,501,501,11,11,501,11,1
502,11,11,11,11,489,11,501,501,501,1
502,11,11,11,11,502,495,487,11,501,1
502,11,11,501,501,501,11,11,501,11,1
502,11,11,11,11,496,488,11,501,501,1
502,11,11,11,11,489,11,501,501,501,1
502,11,11,11,11,496,488,11,501,501,1
502,11,11,11,11,489,11,501,501,501,1
502,11,11,11,11,489,11,501,501,501,1
502,11,11,501,501,501,11,11,501,11,1
502,11,11,11,11,489,11,501,501,501,1
502,11,11,501,501,501,11,11,501,11,1
502,11,11,11,11,501,488,11,501,501,1
502,11,11,501,501,501,11,11,501,11,1
502,11,11,501,501,501,11,11,501,11,1
502,11,11,501,501,501,11,11,11,501,1
502,11,11,501,501,501,11,11,501,11,1
502,11,11,501,501,501,11,11,501,11,1
502,11,11,501,501,501,11,11,501,11,1
502,11,11,501,501,501,11,11,11,501,1
502,11,11,501,501,501,11,11,501,11,1
502,11,11,501,501,501,11,11,501,11,1
502,11,11,11,11,489,11,501,501,501,1
502,11,11,11,11,489,11,501,501,501,1
502,11,11,501,501,501,11,11,501,11,1
502,11,11,11,11,489,11,501,501,501,1
502,11,11,11,11,489,11,501,501,501,1
502,11,11,11,11,489,11,501,501,501,1
502,11,11,11,11,489,11,501,501,501,1
502,11,11,11,11,489,11,501,501,501,1
502,11,11,11,11,501,501,487,11,501,1
502,11,11,11,11,501,501,487,11,501,1
502,11,11,11,11,489,11,501,501,501,1
502,11,11,501,501,501,11,11,501,11,1
502,11,11,501,501,501,11,11,501,11,1
502,11,11,501,501,501,11,11,501,11,1
502,11,11,11,11,489,11,501,501,501,1
502,11,11,11,11,489,11,501,501,501,1
502,11,11,11,11,489,11,501,501,501,1
502,11,11,11,11,501,488,11,501,501,1
502,11,11,11,11,489,11,501,501,501,1
502,11,11,501,501,501,11,11,501,11,1
502,11,11,501,501,501,11,11,501,11,1
502,11,11,501,501,501,11,11,501,11,1
502,11,11,501,501,501,11,11,11,501,1
502,11,11,501,501,501,11,501,11,501,1
502,11,11,501,501,501,11,11,501,11,1
502,11,11,501,501,501,11,11,501,11,1
502,11,11,501,501,501,11,11,501,11,1
502,11,11,11,11,489,11,501,501,501,1
502,11,11,11,11,489,11,501,501,501,1
502,11,11,11,11,489,11,501,501,501,1
502,11,11,501,501,501,11,11,501,11,1
502,11,11,11,11,489,11,501,501,501,1
502,11,11,11,11,496,488,11,501,501,1
502,11,11,501,501,501,11,11,11,501,1
502,11,11,11,11,496,488,11,485,501,1
502,11,11,501,501,501,11,11,501,11,1
502,11,11,501,501,501,11,11,501,11,1
502,11,11,501,501,501,11,11,11,501,1
502,11,11,11,11,489,11,501,501,501,1
502,11,11,501,501,501,11,11,501,11,1
502,11,11,501,501,501,11,11,501,11,1
502,11,11,11,11,11,493,485,11,501,1
502,11,11,11,11,489,11,501,501,501,1
502,11,11,11,11,496,488,11,501,501,1
502,11,11,11,11,489,11,501,501,501,1
502,11,11,501,501,501,11,11,501,11,1
502,11,11,501,501,501,11,11,501,11,1
502,11,11,11,11,489,11,501,501,501,1
502,11,11,11,11,501,488,11,501,501,1
502,11,11,11,11,489,11,501,501,501,1
502,11,11,501,501,501,11,11,501,11,1
502,11,11,501,501,501,11,11,501,11,1
502,11,11,11,11,489,11,501,501,501,1
502,11,11,501,501,501,11,11,501,11,1
502,11,11,501,501,501,11,11,501,11,1
502,11,11,11,11,489,11,501,501,501,1
502,11,11,501,501,501,11,11,501,11,1
502,11,11,501,501,501,11,11,501,11,1
502,11,11,501,501,501,11,11,501,11,1
502,11,11,501,11,501,11,501,11,501,1
502,11,11,501,501,501,11,11,501,11,1
502,11,11,11,11,489,11,501,501,501,1
502,11,11,501,501,501,11,11,501,11,1
502,11,11,501,501,501,11,11,501,11,1
502,11,11,501,501,501,11,11,501,11,1
502,11,11,11,11,501,501,487,11,501,1
502,11,11,501,501,501,11,11,501,11,1
502,11,11,501,501,501,11,11,501,11,1
502,11,11,501,501,501,11,11,11,501,1
502,11,11,11,11,489,11,501,501,501,1
502,11,11,501,501,501,11,11,501,11,1
502,11,11,501,501,501,11,11,501,11,1
502,11,11,11,11,489,11,501,501,501,1
502,11,11,501,501,501,11,11,501,11,1
502,11,11,11,11,496,488,11,501,501,1
502,11,11,501,501,501,11,11,501,11,1
502,11,11,501,501,501,11,11,501,11,1
502,11,11,501,501,501,11,11,501,11,1
502,11,11,11,11,11,493,485,11,501,1
502,11,11,501,501,501,11,11,11,501,1
502,11,11,11,11,489,11,501,501,501,1
502,11,11,11,11,489,11,501,501,501,1
502,11,11,11,11,489,11,501,501,501,1
502,11,11,501,501,501,11,11,11,501,1
502,11,11,501,501,501,11,11,501,11,1
502,11,11,11,11,489,11,501,501,501,1
502,11,11,501,501,501,11,11,501,11,1
502,11,11,11,11,489,11,501,501,501,1
502,11,11,501,501,501,11,11,501,11,1
502,11,11,11,11,502,495,487,11,501,1
502,11,11,501,501,501,11,11,501,11,1
502,11,11,11,11,489,11,501,501,501,1
502,11,11,501,501,501,11,11,501,11,1
502,11,11,501,501,501,11,11,11,501,1
502,11,11,501,501,501,11,11,501,11,1
502,11,11,501,501,501,11,11,501,11,1
502,11,11,11,11,489,11,501,501,501,1
502,11,11,11,11,489,11,501,501,501,1
502,11,11,11,11,489,11,501,501,501,1
502,11,11,11,11,489,11,501,501,501,1
502,11,11,501,501,501,11,11,501,11,1
502,11,11,501,501,501,11,11,501,11,1
502,11,11,11,11,496,488,11,501,501,1
502,11,11,501,501,501,11,11,501,11,1
502,11,11,501,501,501,11,11,11,501,1
502,11,11,11,11,501,488,11,501,501,1
502,11,11,501,501,501,11,11,501,11,1
502,11,11,11,11,489,11,501,501,501,1
502,11,11,11,11,502,495,487,11,501,1
502,11,11,11,11,501,488,11,501,501,1
502,11,11,11,11,501,488,11,501,501,1
502,11,11,501,501,501,11,11,11,501,1
502,11,11,11,11,489,11,501,501,501,1
502,11,11,501,501,501,11,11,501,11,1
502,11,11,501,501,501,11,11,501,11,1
502,11,11,501,501,501,11,11,11,501,1
502,11,11,501,501,501,11,11,501,11,1
502,11,11,501,501,501,11,11,501,11,1
502,11,11,11,11,489,11,501,501,501,1
502,11,11,501,501,501,11,11,501,11,1
502,11,11,11,11,489,11,501,501,501,1
502,11,11,11,11,489,11,501,501,501,1
502,11,11,11,11,489,11,501,501,501,1
502,11,11,501,501,501,11,11,501,11,1
502,11,11,501,501,501,11,11,501,11,1
502,11,11,11,11,11,493,485,11,501,1
502,284,284,284,284,284,496,482,501,501,1
502,11,11,11,11,496,488,11,501,501,1
502,11,11,11,11,489,11,501,501,501,1
502,11,11,501,501,501,11,11,501,11,1
502,11,11,11,11,489,11,501,501,501,1
502,11,11,501,501,501,11,11,501,11,1
502,11,11,501,501,501,11,11,501,11,1
502,11,11,501,501,501,11,11,501,11,1
502,11,11,11,11,489,11,501,501,501,1
502,11,11,501,501,501,11,11,501,11,1
502,11,11,501,501,501,11,11,501,11,1
502,11,11,501,501,501,11,11,11,501,1
502,11,11,501,501,501,11,11,501,11,1
502,11,11,501,501,501,11,11,501,11,1
502,11,11,501,501,501,11,11,501,11,1
502,11,11,11,11,501,488,11,501,501,1
502,11,11,501,501,501,11,11,501,11,1
502,11,11,501,501,501,11,11,11,501,1
502,11,11,11,11,489,11,501,501,501,1
502,11,11,501,501,501,11,11,501,11,1
502,11,11,501,501,501,11,11,501,11,1
502,11,11,11,11,11,493,485,11,501,1
502,11,11,11,11,489,11,486,501,501,1
502,11,11,501,501,501,11,11,501,11,1
502,11,11,11,11,501,496,11,501,501,1
502,11,11,501,501,501,11,11,501,11,1
502,168,168,501,501,168,501,501,501,163,1
502,168,168,501,501,168,501,501,501,163,1
502,11,11,11,11,496,488,11,501,501,1
502,11,11,11,11,489,11,501,501,501,1
502,11,11,11,11,489,11,501,501,501,1
502,11,11,11,11,496,488,11,501,501,1
502,11,11,11,11,489,11,501,501,501,1
502,11,11,11,11,489,11,501,501,501,1
502,11,11,11,11,489,11,501,501,501,1
502,11,11,11,11,496,488,11,501,501,1
502,11,11,11,11,489,11,501,501,501,1
502,11,11,11,11,489,11,501,501,501,1
502,11,11,11,11,496,488,11,501,501,1
502,11,11,11,11,489,11,501,501,501,1
502,11,11,11,11,489,11,501,501,501,1
502,11,11,11,11,11,501,501,492,11,1
502,11,11,11,11,489,11,501,501,501,1
502,11,11,11,11,489,11,501,501,501,1
502,11,11,11,11,489,11,501,501,501,1
502,11,11,11,11,11,493,485,11,501,1
502,11,11,11,11,489,11,501,501,501,1
502,11,11,11,11,489,11,501,501,501,1
502,11,11,11,11,489,11,486,501,501,1
502,11,11,11,11,489,11,501,501,501,1
502,11,11,11,501,11,495,487,11,484,1
502,11,11,11,11,489,11,501,501,501,1
502,11,11,11,11,489,11,501,501,501,1
502,11,11,11,11,11,493,501,11,501,1
502,11,11,11,11,489,11,501,501,501,1
502,11,11,11,11,501,501,487,11,501,1
502,11,11,11,11,11,493,485,11,501,1
502,11,11,11,11,496,488,11,501,501,1
502,11,11,11,11,489,11,501,501,501,1
502,11,11,11,11,489,11,501,501,501,1
502,11,11,11,11,489,11,501,501,501,1
502,11,11,11,11,489,11,501,501,501,1
502,11,11,11,11,489,11,501,501,501,1
502,11,11,11,11,489,11,501,501,501,1
502,11,11,11,11,11,489,486,501,501,1
502,11,11,11,11,489,11,501,501,501,1
502,11,11,11,11,496,488,11,501,501,1
502,11,11,11,11,489,11,501,501,501,1
502,11,11,11,11,501,480,11,501,501,1
502,11,11,11,11,489,11,501,501,501,1
502,11,11,11,11,489,11,501,501,501,1
502,11,11,11,11,489,11,486,501,501,1
502,11,11,11,11,489,11,501,501,501,1
502,11,11,11,11,496,488,11,501,501,1
502,11,11,11,11,496,488,11,501,501,1
502,11,11,11,11,489,11,501,501,501,1
502,11,11,11,11,489,11,501,501,501,1
502,11,11,11,11,489,11,501,501,501,1
502,11,11,11,11,489,11,501,501,501,1
502,11,11,11,11,489,11,501,501,501,1
502,11,11,11,11,489,11,501,501,501,1
502,11,11,11,11,489,11,501,501,501,1
502,11,11,11,11,489,11,501,501,501,1
502,11,11,11,11,496,488,11,501,501,1
502,11,11,11,11,489,11,501,501,501,1
502,11,11,501,11,11,488,11,485,501,1
502,11,11,11,11,11,493,485,11,501,1
502,11,11,11,11,502,495,487,11,501,1
502,11,11,11,11,496,488,11,501,501,1
502,11,11,501,501,501,11,11,501,11,1
502,11,11,11,11,489,11,501,501,501,1
502,11,11,501,501,501,11,11,501,11,1
502,11,11,11,11,489,11,501,501,501,1
502,11,11,11,11,489,11,501,501,501,1
502,11,11,11,11,501,488,11,501,501,1
502,11,11,11,11,489,11,501,501,501,1
502,11,11,11,11,489,11,501,501,501,1
502,11,11,11,11,489,11,501,501,501,1
502,11,11,11,11,489,11,501,501,501,1
502,11,11,11,11,489,11,501,501,501,1
502,11,11,11,11,489,11,501,501,501,1
502,11,11,11,11,11,493,485,11,501,1
502,11,11,11,11,489,11,501,501,501,1
502,11,11,11,11,489,11,501,501,501,1
502,11,11,11,11,489,11,501,501,501,1
502,11,11,11,11,489,11,501,501,501,1
502,11,11,11,11,489,11,486,501,501,1
502,11,11,11,11,11,493,485,11,501,1
502,11,11,11,11,501,480,11,501,501,1
502,11,11,11,11,489,11,501,501,501,1
502,11,11,11,11,501,495,501,11,501,1
502,11,11,11,11,489,11,501,501,501,1
502,11,11,11,11,11,493,485,11,501,1
502,11,11,11,11,489,11,501,501,501,1
502,11,11,11,11,501,488,11,501,501,1
502,11,11,11,11,496,488,11,501,501,1
502,11,11,11,11,11,493,485,11,501,1
502,11,11,11,11,496,488,11,501,501,1
502,11,11,11,11,501,501,487,11,501,1
502,11,11,11,11,11,493,485,11,501,1
502,11,11,11,11,496,488,11,501,501,1
502,11,11,11,11,11,493,485,11,501,1
502,11,11,11,11,489,11,501,501,501,1
502,11,11,11,11,489,11,486,501,501,1
502,11,11,11,11,496,488,11,501,501,1
502,11,11,11,11,11,493,485,11,501,1
502,11,11,501,501,501,11,11,501,11,1
502,11,11,11,11,489,11,501,501,501,1
502,11,11,11,11,496,488,11,501,501,1
502,11,11,501,501,501,11,11,501,11,1
502,11,11,11,11,501,488,11,501,501,1
502,11,11,11,11,489,11,501,501,501,1
502,11,11,11,11,489,11,501,501,501,1
502,11,11,11,11,489,11,501,501,501,1
502,11,11,11,11,489,11,501,501,501,1
502,11,11,11,11,501,501,487,11,501,1
502,11,11,11,11,489,11,501,501,501,1
502,11,11,501,501,501,11,11,501,11,1
502,11,11,11,11,489,11,501,501,501,1
502,11,11,11,11,489,11,501,501,501,1
502,11,11,11,11,11,493,485,11,501,1
502,11,11,11,11,501,488,11,501,501,1
502,11,11,11,11,496,495,11,501,501,1
502,11,11,11,11,489,11,486,501,501,1
502,11,11,11,501,11,495,501,11,501,1
502,11,11,11,11,496,488,11,501,501,1
502,11,11,11,11,489,11,501,501,501,1
502,11,11,11,11,489,11,501,501,501,1
502,11,11,11,11,501,488,11,501,501,1
502,11,11,11,11,489,11,501,501,501,1
502,11,11,11,11,489,11,501,501,501,1
502,11,11,11,11,489,11,501,501,501,1
502,11,11,11,11,496,488,11,501,501,1
502,11,11,11,11,489,11,501,501,501,1
502,11,11,11,11,502,495,487,11,501,1
502,11,11,11,11,496,488,11,501,501,1
502,11,11,11,11,489,11,501,501,501,1
502,11,11,11,11,489,11,501,501,501,1
502,11,11,11,11,489,11,501,501,501,1
502,11,11,11,11,489,11,501,501,501,1
502,11,11,11,11,489,11,486,501,501,1
502,11,11,501,501,501,11,11,11,501,1
502,11,11,11,11,501,488,11,501,501,1
502,11,11,11,11,501,488,11,501,501,1
502,11,11,11,11,489,11,501,501,501,1
502,11,11,11,11,489,11,501,501,501,1
502,11,11,11,11,11,493,485,11,501,1
502,11,11,11,11,11,493,485,11,501,1
502,11,11,11,11,489,11,501,501,501,1
502,11,11,11,11,489,11,501,501,501,1
502,11,11,11,11,489,11,501,501,501,1
502,11,11,11,11,489,11,501,501,501,1
502,11,11,11,11,11,493,485,11,501,1
502,11,11,11,11,489,11,501,501,501,1
502,11,11,11,11,501,488,11,501,501,1
502,11,11,11,11,496,488,11,501,501,1
502,11,11,11,11,489,11,501,501,501,1
502,11,11,501,501,501,11,11,501,11,1
502,11,11,11,11,501,488,11,501,501,1
502,11,11,11,11,501,495,487,11,501,1
502,11,11,11,11,489,11,501,501,501,1
502,11,11,11,11,496,488,11,501,501,1
502,11,11,11,11,502,495,487,11,501,1
502,11,11,11,11,11,493,485,11,501,1
502,11,11,11,11,489,11,501,501,501,1
502,11,11,11,11,489,11,501,501,501,1
502,11,11,501,501,501,11,11,501,11,1
502,11,11,501,501,501,11,11,501,11,1
502,11,11,11,501,11,488,11,501,501,1
502,11,11,11,11,501,480,11,501,501,1
502,11,11,11,11,489,11,501,501,501,1
502,11,11,11,11,496,488,11,501,501,1
502,11,11,11,11,501,501,487,11,501,1
502,11,11,11,11,11,501,492,484,11,1
502,11,11,11,11,489,11,501,501,501,1
502,11,11,11,11,11,493,485,11,501,1
502,11,11,11,11,489,11,501,501,501,1
502,11,11,11,11,489,11,501,501,501,1
502,11,11,11,11,489,11,501,501,501,1
502,11,11,11,11,496,488,11,501,501,1
502,11,11,11,11,493,11,501,11,501,1
502,11,11,11,11,496,488,11,501,501,1
502,11,11,11,11,496,488,11,501,501,1
502,11,11,11,11,501,488,11,501,501,1
502,11,11,11,11,489,11,501,501,501,1
502,11,11,11,11,489,11,501,501,501,1
502,11,11,11,11,11,493,485,11,501,1
502,11,11,11,11,11,493,485,11,482,1
502,11,11,11,11,489,11,501,501,501,1
502,11,11,11,11,11,493,501,11,501,1
502,11,11,11,11,489,11,501,501,501,1
502,11,11,11,11,489,11,486,501,501,1
502,11,11,11,11,501,488,11,501,501,1
502,11,11,11,11,501,488,11,501,501,1
502,11,11,11,11,489,11,486,501,501,1
502,11,11,11,11,489,11,501,501,501,1
502,11,11,501,501,501,11,11,501,11,1
502,11,11,501,501,501,11,11,501,11,1
502,11,11,11,11,489,11,501,501,501,1
502,11,11,11,11,489,11,501,501,501,1
502,11,11,11,11,489,11,501,501,501,1
502,11,11,11,11,489,11,501,501,501,1
502,11,11,11,11,489,11,501,501,501,1
502,11,11,11,11,489,11,501,501,501,1
502,11,11,11,11,11,493,485,11,501,1
502,11,11,501,501,501,11,11,501,11,1
502,11,11,11,11,496,488,11,501,501,1
502,11,11,11,11,489,11,501,501,501,1
502,11,11,11,11,496,488,11,501,501,1
502,11,11,11,11,489,11,501,501,501,1
502,11,11,11,11,502,495,487,11,501,1
502,11,11,11,11,489,11,501,501,501,1
502,11,11,11,11,489,11,501,501,501,1
502,11,11,11,11,501,501,487,11,501,1
502,11,11,11,11,489,11,486,501,501,1
502,11,11,11,11,501,488,11,501,501,1
502,11,11,501,501,501,11,11,501,11,1
502,11,11,11,11,489,11,501,501,501,1
502,11,11,11,11,489,11,501,501,501,1
502,11,11,11,501,11,488,11,501,501,1
502,11,11,11,11,489,11,501,501,501,1
502,11,11,501,501,501,11,11,501,11,1
502,11,11,11,11,501,496,11,501,501,1
502,11,11,501,501,501,11,11,501,11,1
502,11,11,11,11,489,11,501,501,501,1
502,11,11,501,501,501,11,11,501,11,1
502,11,11,11,11,11,493,485,11,482,1
502,11,11,11,11,11,493,485,11,501,1
502,11,11,501,501,501,11,11,501,11,1
502,11,11,501,501,501,11,11,501,11,1
502,11,11,11,11,11,493,485,11,501,1
502,11,11,11,11,489,11,501,501,501,1
502,11,11,11,11,11,493,485,11,501,1
502,11,11,11,11,11,493,485,11,501,1
502,11,11,11,11,489,11,501,501,501,1
502,11,11,11,11,489,11,501,501,501,1
502,11,11,11,11,11,493,485,11,501,1
502,11,11,11,11,489,11,501,501,501,1
502,11,11,11,11,489,11,501,501,501,1
502,11,11,11,11,11,493,485,11,501,1
502,11,11,11,11,489,11,501,501,501,1
502,11,11,501,501,501,11,11,501,11,1
502,11,11,501,501,501,11,11,501,11,1
502,11,11,11,11,489,11,501,501,501,1
502,11,11,11,11,489,11,501,501,501,1
502,11,11,11,501,495,11,501,11,501,1
502,11,11,502,11,502,11,492,11,488,1
502,11,11,501,501,501,11,11,501,11,1
502,11,11,11,11,489,11,501,501,501,1
502,11,11,11,11,11,493,485,11,501,1
502,11,11,501,501,501,11,11,501,11,1
502,11,11,11,11,489,11,501,501,501,1
502,11,11,501,501,501,11,11,501,11,1
502,11,11,501,501,501,11,11,501,11,1
502,11,11,11,11,11,493,485,11,501,1
502,11,11,11,11,489,11,486,501,501,1
502,11,11,501,501,501,11,11,501,11,1
502,11,11,11,11,489,11,501,501,501,1
502,11,11,501,501,501,11,11,501,11,1
502,11,11,11,11,489,11,501,501,501,1
502,11,11,11,11,489,11,501,501,501,1
502,11,11,501,501,501,11,11,501,11,1
502,11,11,11,11,496,488,11,501,501,1
502,11,11,11,11,489,11,501,501,501,1
502,11,11,11,11,489,11,501,501,501,1
502,11,11,11,11,489,11,486,501,501,1
502,11,11,11,11,489,11,501,501,501,1
502,11,11,501,501,501,11,11,11,501,1
502,11,11,11,11,489,11,486,501,501,1
502,11,11,11,11,501,496,11,501,501,1
502,11,11,501,501,501,11,11,501,11,1
502,11,11,11,11,11,493,485,11,501,1
502,11,11,11,11,11,493,485,11,501,1
502,11,11,11,11,501,488,11,501,501,1
502,11,11,11,11,489,11,501,501,501,1
502,11,11,11,11,489,11,501,501,501,1
502,11,11,11,11,489,11,501,501,501,1
502,11,11,11,11,11,493,485,11,501,1
502,11,11,11,11,502,495,487,11,501,1
502,11,11,11,11,496,488,11,501,501,1
502,11,11,11,11,496,488,11,501,501,1
502,11,11,11,11,489,11,501,501,501,1
502,11,11,11,11,489,11,501,501,501,1
502,11,11,11,11,489,11,501,501,501,1
502,11,11,11,11,11,493,485,11,501,1
502,11,11,11,11,501,496,11,501,501,1
502,11,11,501,501,501,11,11,501,11,1
502,11,11,11,11,489,11,501,501,501,1
502,11,11,501,501,501,11,11,11,501,1
502,11,11,11,11,496,488,11,501,501,1
502,11,11,11,11,489,11,501,501,501,1
502,11,11,11,11,489,11,501,501,501,1
502,11,11,11,11,489,11,501,501,501,1
502,11,11,11,11,489,11,501,501,501,1
502,11,11,11,11,489,11,501,501,501,1
502,11,11,501,501,501,11,11,501,11,1
502,11,11,11,11,496,488,11,501,501,1
502,11,11,11,11,489,11,501,501,501,1
502,11,11,11,501,11,495,11,487,484,1
502,11,11,11,11,11,493,485,11,501,1
502,11,11,11,11,489,11,501,501,501,1
502,11,11,11,11,489,11,501,501,501,1
502,11,11,501,501,501,11,11,501,11,1
502,11,11,11,11,489,11,486,501,501,1
502,11,11,11,11,489,11,501,501,501,1
502,11,11,11,11,489,11,501,501,501,1
502,11,11,11,11,489,11,501,501,501,1
502,11,11,501,501,501,11,11,501,11,1
502,11,11,11,11,489,11,501,501,501,1
502,11,11,11,501,11,495,487,11,501,1
502,11,11,11,11,489,11,501,501,501,1
502,11,11,11,11,489,11,501,501,501,1
502,11,11,11,11,489,11,501,501,501,1
502,11,11,501,501,501,11,11,501,11,1
502,11,11,11,11,489,11,486,501,501,1
502,11,11,11,11,489,11,501,501,501,1
502,11,11,11,11,496,488,11,501,501,1
502,11,11,11,501,11,495,495,11,501,1
502,11,11,11,11,11,493,485,11,501,1
502,11,11,11,11,11,493,485,11,501,1
502,11,11,501,501,501,11,11,501,11,1
502,11,11,501,501,501,11,11,11,501,1
502,11,11,11,11,11,493,485,11,501,1
502,11,11,11,11,489,11,501,501,501,1
502,11,11,501,501,501,11,11,501,11,1
502,11,11,501,501,501,11,11,501,11,1
502,11,11,11,11,489,11,501,501,501,1
502,11,11,11,11,489,11,501,501,501,1
502,11,11,11,11,501,501,487,11,501,1
502,11,11,11,11,489,11,486,501,501,1
502,11,11,11,11,501,488,11,501,501,1
502,11,11,11,11,11,493,485,11,501,1
502,11,11,501,501,501,11,11,501,11,1
502,11,11,11,11,11,493,485,11,501,1
502,11,11,11,11,489,11,486,501,501,1
502,11,11,11,11,489,11,501,501,501,1
502,11,11,501,501,501,11,11,501,11,1
502,11,11,11,11,496,488,11,501,501,1
502,11,11,11,11,489,11,501,501,501,1
502,11,11,501,501,501,11,11,501,11,1
502,11,11,11,11,501,488,11,501,501,1
502,11,11,11,11,11,493,485,11,501,1
502,11,11,11,11,11,493,485,11,501,1
502,11,11,11,11,489,11,501,501,501,1
502,11,11,11,11,489,11,501,501,501,1
502,11,11,501,501,501,11,11,501,11,1
502,11,11,11,11,489,11,501,501,501,1
502,11,11,11,11,489,11,501,501,501,1
502,11,11,501,501,501,11,11,501,11,1
502,11,11,11,11,489,11,501,501,501,1
502,11,11,11,11,489,11,501,501,501,1
502,11,11,11,11,496,488,11,501,501,1
502,11,11,11,11,489,11,486,501,501,1
502,11,11,501,501,501,11,11,501,11,1
502,11,11,11,11,11,501,501,495,11,1
502,11,11,11,11,489,11,486,501,501,1
502,11,11,11,11,496,488,11,501,501,1
502,11,11,11,11,489,11,501,501,501,1
502,11,11,11,11,489,11,501,501,501,1
502,11,11,11,11,11,493,485,11,501,1
502,11,11,11,11,489,11,486,501,501,1
502,11,11,501,501,501,11,11,501,11,1
502,11,11,11,11,501,488,11,485,501,1
502,11,11,11,11,489,11,501,501,501,1
502,11,11,501,501,501,11,11,501,11,1
502,11,11,11,11,11,493,485,11,501,1
502,11,11,11,11,502,495,487,11,501,1
502,11,11,11,11,489,11,501,501,501,1
502,11,11,11,11,489,11,501,501,501,1
502,11,11,11,11,11,493,485,11,501,1
502,11,11,11,11,489,11,501,501,501,1
502,11,11,11,11,501,488,11,501,501,1
502,11,11,11,11,489,11,501,501,501,1
502,11,11,501,501,501,501,11,11,501,1
502,11,11,11,11,11,486,11,501,501,1
502,11,11,11,11,11,496,486,11,501,1
502,11,11,11,11,11,486,11,501,501,1
502,11,11,11,11,11,486,11,501,501,1
502,11,11,11,11,11,486,11,501,501,1
